contribution_id,developer_id,file_path,commits,lines_added,lines_deleted,last_modified
CONT001,DEV001,src/ml/model_training.py,45,2340,890,2024-11-15
CONT002,DEV001,src/data/preprocessing.py,32,1560,420,2024-11-14
CONT003,DEV002,frontend/components/Dashboard.jsx,67,3210,1240,2024-11-15
CONT004,DEV002,frontend/utils/api.js,28,980,340,2024-11-13
CONT005,DEV003,backend/services/UserService.java,89,4560,1780,2024-11-15
CONT006,DEV003,backend/config/DatabaseConfig.java,34,1230,450,2024-11-12
CONT007,DEV004,pipelines/etl/data_loader.py,56,2890,920,2024-11-14
CONT008,DEV004,pipelines/transform/cleaner.py,41,1890,670,2024-11-15
CONT009,DEV005,fullstack/api/endpoints.ts,52,2340,810,2024-11-13
CONT010,DEV005,fullstack/client/app.tsx,38,1670,540,2024-11-14
CONT011,DEV006,core/memory/allocator.cpp,73,3890,1450,2024-11-15
CONT012,DEV006,core/threading/pool.cpp,45,2130,780,2024-11-12
CONT013,DEV007,services/gateway/router.go,61,2780,890,2024-11-14
CONT014,DEV007,services/auth/handler.go,39,1560,620,2024-11-15
CONT015,DEV008,infra/kubernetes/deployment.yaml,29,890,230,2024-11-13
CONT016,DEV008,infra/scripts/deploy.py,47,2010,670,2024-11-14
CONT017,DEV009,optimization/compiler/optimizer.rs,82,4230,1560,2024-11-15
CONT018,DEV009,optimization/profiler/tracer.rs,54,2670,980,2024-11-13
CONT019,DEV010,enterprise/core/Application.java,95,5120,2010,2024-11-14
CONT020,DEV010,enterprise/services/Integration.java,67,3450,1340,2024-11-15
CONT021,DEV001,src/ml/evaluation.py,38,1780,540,2024-11-11
CONT022,DEV002,frontend/styles/theme.css,23,890,290,2024-11-10
CONT023,DEV003,backend/models/User.java,29,1120,380,2024-11-09
CONT024,DEV004,pipelines/validation/validator.py,33,1450,490,2024-11-11
CONT025,DEV005,fullstack/database/models.ts,41,1890,610,2024-11-10
