task_id,title,description,required_technologies,priority,estimated_hours,complexity
TASK001,Implement Neural Architecture Search,Design and implement automated neural architecture search for model optimization,Python;TensorFlow;PyTorch,High,120,Expert
TASK002,Build Real-time Dashboard,Create responsive dashboard with live data visualization and user interactions,JavaScript;React;Node.js,Medium,80,Advanced
TASK003,Optimize Database Queries,Refactor and optimize slow database queries in user management service,Java;Spring Boot;PostgreSQL,High,60,Advanced
TASK004,Setup Data Streaming Pipeline,Configure real-time data streaming from multiple sources using Spark,Python;Apache Spark;Airflow,Critical,100,Expert
TASK005,Develop API Gateway,Design and implement centralized API gateway with authentication,TypeScript;Express;React,Medium,90,Advanced
TASK006,Memory Management Optimization,Improve memory allocation patterns in core processing engine,C++;Linux Kernel,Critical,140,Expert
TASK007,Deploy Microservices Infrastructure,Set up Kubernetes cluster and deploy microservices with monitoring,Go;Docker;Kubernetes,High,110,Advanced
TASK008,Automate CI/CD Pipeline,Create automated deployment pipeline with testing and rollback capabilities,Python;Terraform;Jenkins,Medium,70,Intermediate
TASK009,Profile Application Performance,Identify and resolve performance bottlenecks in compute-intensive modules,Rust;LLVM,High,95,Expert
TASK010,Integrate Payment Gateway,Implement secure payment processing with multiple provider support,Java;Spring;Oracle,High,85,Advanced
TASK011,Implement Redis Caching Layer,Add Redis for session management,Redis;Python;Docker,High,24,Intermediate
TASK012,Database Migration to PostgreSQL,Migrate from MySQL to PostgreSQL,PostgreSQL;Python;SQL,Critical,80,Expert
TASK013,GraphQL API Development,Build GraphQL API layer,GraphQL;Node.js;TypeScript,Medium,40,Advanced
TASK014,Kubernetes Deployment Setup,Configure K8s cluster,Kubernetes;Docker;AWS,High,60,Expert
TASK015,React Component Library,Build reusable component library,React;TypeScript;Storybook,Medium,35,Intermediate
TASK016,Machine Learning Model Deployment,Deploy ML model to production,Python;TensorFlow;Docker,Critical,70,Expert
TASK017,API Rate Limiting Implementation,Add rate limiting to API endpoints,Python;Redis;FastAPI,High,20,Intermediate
TASK018,Mobile App Backend,Build REST API for mobile app,Node.js;MongoDB;Express,High,50,Advanced
TASK019,Data Analytics Dashboard,Create analytics dashboard with charts,React;D3.js;Python,Medium,30,Intermediate
TASK020,Microservices Refactoring,Break monolith into microservices,Python;Docker;Kubernetes,Critical,120,Expert
TASK021,CI/CD Pipeline Setup,Configure Jenkins pipeline,Jenkins;Docker;Python,High,40,Advanced
TASK022,Security Audit Implementation,Implement security best practices,Python;AWS;Security,Critical,60,Expert
TASK023,WebSocket Chat Feature,Real-time chat with WebSockets,Node.js;Socket.io;React,Medium,35,Intermediate
TASK024,Payment Gateway Integration,Integrate Stripe payment,Python;Stripe;FastAPI,Critical,45,Advanced
TASK025,Email Service Setup,Configure email notifications,Python;SendGrid;Celery,Medium,20,Intermediate
TASK026,OAuth2 Authentication,Implement OAuth2 login,Python;OAuth;JWT,High,35,Advanced
TASK027,Image Processing Pipeline,Build image optimization service,Python;OpenCV;AWS,Medium,30,Intermediate
TASK028,API Documentation,Create Swagger API docs,OpenAPI;Markdown;Python,Low,15,Beginner
TASK029,Performance Optimization,Optimize database queries,PostgreSQL;Python;Redis,High,40,Advanced
TASK030,Monitoring Dashboard,Setup Grafana monitoring,Grafana;Prometheus;Docker,Medium,25,Intermediate
